effect_type,source_type,filename,descriptor,target_text,scale,orig_target_sim,manip_target_sim,delta_target_sim
eq,guitar,guitar_EQ_bright_0.2.wav,bright,a bright sound,0.2,0.015719574,0.02690124,0.011181666
eq,guitar,guitar_EQ_bright_0.4.wav,bright,a bright sound,0.4,0.015719574,0.047502883,0.03178331
eq,guitar,guitar_EQ_bright_0.6.wav,bright,a bright sound,0.6,0.015719574,0.05903207,0.043312497
eq,guitar,guitar_EQ_bright_0.8.wav,bright,a bright sound,0.8,0.015719574,0.08487666,0.06915708
eq,guitar,guitar_EQ_bright_1.0.wav,bright,a bright sound,1.0,0.015719574,0.07864468,0.0629251
eq,guitar,guitar_EQ_calm_0.2.wav,calm,a calm sound,0.2,-0.089950964,-0.080081694,0.00986927
eq,guitar,guitar_EQ_calm_0.4.wav,calm,a calm sound,0.4,-0.089950964,-0.074319355,0.015631609
eq,guitar,guitar_EQ_calm_0.6.wav,calm,a calm sound,0.6,-0.089950964,-0.049876235,0.04007473
eq,guitar,guitar_EQ_calm_0.8.wav,calm,a calm sound,0.8,-0.089950964,-0.06249298,0.027457982
eq,guitar,guitar_EQ_calm_1.0.wav,calm,a calm sound,1.0,-0.089950964,-0.063879505,0.026071459
eq,guitar,guitar_EQ_clear_0.2.wav,clear,a clear sound,0.2,-0.082072765,-0.022095662,0.059977103
eq,guitar,guitar_EQ_clear_0.4.wav,clear,a clear sound,0.4,-0.082072765,-0.03281018,0.049262583
eq,guitar,guitar_EQ_clear_0.6.wav,clear,a clear sound,0.6,-0.082072765,-0.028371993,0.05370077
eq,guitar,guitar_EQ_clear_0.8.wav,clear,a clear sound,0.8,-0.082072765,-0.07121528,0.010857485
eq,guitar,guitar_EQ_clear_1.0.wav,clear,a clear sound,1.0,-0.082072765,-0.0119830705,0.0700897
eq,guitar,guitar_EQ_cold_0.2.wav,cold,a cold sound,0.2,-0.06428495,-0.08038681,-0.01610186
eq,guitar,guitar_EQ_cold_0.4.wav,cold,a cold sound,0.4,-0.06428495,-0.055083252,0.009201698
eq,guitar,guitar_EQ_cold_0.6.wav,cold,a cold sound,0.6,-0.06428495,-0.04548151,0.01880344
eq,guitar,guitar_EQ_cold_0.8.wav,cold,a cold sound,0.8,-0.06428495,-0.042869262,0.021415688
eq,guitar,guitar_EQ_cold_1.0.wav,cold,a cold sound,1.0,-0.06428495,-0.08062115,-0.016336203
eq,guitar,guitar_EQ_cool_0.2.wav,cool,a cool sound,0.2,0.012521096,0.016366728,0.003845632
eq,guitar,guitar_EQ_cool_0.4.wav,cool,a cool sound,0.4,0.012521096,0.01953056,0.0070094652
eq,guitar,guitar_EQ_cool_0.6.wav,cool,a cool sound,0.6,0.012521096,0.04223308,0.029711984
eq,guitar,guitar_EQ_cool_0.8.wav,cool,a cool sound,0.8,0.012521096,0.031536743,0.019015647
eq,guitar,guitar_EQ_cool_1.0.wav,cool,a cool sound,1.0,0.012521096,0.055517185,0.04299609
eq,guitar,guitar_EQ_crisp_0.2.wav,crisp,a crisp sound,0.2,-0.0842569,-0.053304538,0.030952364
eq,guitar,guitar_EQ_crisp_0.4.wav,crisp,a crisp sound,0.4,-0.0842569,-0.06883024,0.015426666
eq,guitar,guitar_EQ_crisp_0.6.wav,crisp,a crisp sound,0.6,-0.0842569,-0.039856117,0.044400785
eq,guitar,guitar_EQ_crisp_0.8.wav,crisp,a crisp sound,0.8,-0.0842569,-0.049268715,0.034988187
eq,guitar,guitar_EQ_crisp_1.0.wav,crisp,a crisp sound,1.0,-0.0842569,0.003985949,0.08824285
eq,guitar,guitar_EQ_dark_0.2.wav,dark,a dark sound,0.2,0.016066115,0.028440202,0.012374086
eq,guitar,guitar_EQ_dark_0.4.wav,dark,a dark sound,0.4,0.016066115,0.03641611,0.020349994
eq,guitar,guitar_EQ_dark_0.6.wav,dark,a dark sound,0.6,0.016066115,0.042421773,0.026355658
eq,guitar,guitar_EQ_dark_0.8.wav,dark,a dark sound,0.8,0.016066115,0.027209565,0.01114345
eq,guitar,guitar_EQ_dark_1.0.wav,dark,a dark sound,1.0,0.016066115,0.044407688,0.028341573
eq,guitar,guitar_EQ_gentle_0.2.wav,gentle,a gentle sound,0.2,-0.049489282,-0.00730847,0.042180814
eq,guitar,guitar_EQ_gentle_0.4.wav,gentle,a gentle sound,0.4,-0.049489282,-0.028176015,0.021313267
eq,guitar,guitar_EQ_gentle_0.6.wav,gentle,a gentle sound,0.6,-0.049489282,-0.010427112,0.039062172
eq,guitar,guitar_EQ_gentle_0.8.wav,gentle,a gentle sound,0.8,-0.049489282,-0.023450525,0.026038757
eq,guitar,guitar_EQ_gentle_1.0.wav,gentle,a gentle sound,1.0,-0.049489282,-0.010590281,0.038899
eq,guitar,guitar_EQ_hard_0.2.wav,hard,a hard sound,0.2,-0.025680495,-0.006660044,0.019020451
eq,guitar,guitar_EQ_hard_0.4.wav,hard,a hard sound,0.4,-0.025680495,-0.0089315735,0.016748922
eq,guitar,guitar_EQ_hard_0.6.wav,hard,a hard sound,0.6,-0.025680495,0.023246258,0.048926756
eq,guitar,guitar_EQ_hard_0.8.wav,hard,a hard sound,0.8,-0.025680495,0.034326497,0.06000699
eq,guitar,guitar_EQ_hard_1.0.wav,hard,a hard sound,1.0,-0.025680495,-0.00974052,0.015939975
eq,guitar,guitar_EQ_harsh_0.2.wav,harsh,a harsh sound,0.2,-0.028450157,-0.030692616,-0.002242459
eq,guitar,guitar_EQ_harsh_0.4.wav,harsh,a harsh sound,0.4,-0.028450157,-0.043770038,-0.01531988
eq,guitar,guitar_EQ_harsh_0.6.wav,harsh,a harsh sound,0.6,-0.028450157,-0.03554407,-0.007093914
eq,guitar,guitar_EQ_harsh_0.8.wav,harsh,a harsh sound,0.8,-0.028450157,-0.05660303,-0.028152872
eq,guitar,guitar_EQ_harsh_1.0.wav,harsh,a harsh sound,1.0,-0.028450157,-0.053291366,-0.024841208
eq,guitar,guitar_EQ_heavy_0.2.wav,heavy,a heavy sound,0.2,0.020813938,0.035229266,0.014415327
eq,guitar,guitar_EQ_heavy_0.4.wav,heavy,a heavy sound,0.4,0.020813938,0.030661972,0.009848034
eq,guitar,guitar_EQ_heavy_0.6.wav,heavy,a heavy sound,0.6,0.020813938,0.024922298,0.00410836
eq,guitar,guitar_EQ_heavy_0.8.wav,heavy,a heavy sound,0.8,0.020813938,0.05670408,0.035890143
eq,guitar,guitar_EQ_heavy_1.0.wav,heavy,a heavy sound,1.0,0.020813938,0.035603557,0.014789619
eq,guitar,guitar_EQ_loud_0.2.wav,loud,a loud sound,0.2,-0.027390836,-0.04939843,-0.022007594
eq,guitar,guitar_EQ_loud_0.4.wav,loud,a loud sound,0.4,-0.027390836,-0.05413381,-0.026742974
eq,guitar,guitar_EQ_loud_0.6.wav,loud,a loud sound,0.6,-0.027390836,-0.04896664,-0.021575803
eq,guitar,guitar_EQ_loud_0.8.wav,loud,a loud sound,0.8,-0.027390836,-0.028583203,-0.0011923667
eq,guitar,guitar_EQ_loud_1.0.wav,loud,a loud sound,1.0,-0.027390836,-0.0062148217,0.021176014
eq,guitar,guitar_EQ_mellow_0.2.wav,mellow,a mellow sound,0.2,-0.03180766,0.0365029,0.06831056
eq,guitar,guitar_EQ_mellow_0.4.wav,mellow,a mellow sound,0.4,-0.03180766,0.026077515,0.057885177
eq,guitar,guitar_EQ_mellow_0.6.wav,mellow,a mellow sound,0.6,-0.03180766,0.05508413,0.08689179
eq,guitar,guitar_EQ_mellow_0.8.wav,mellow,a mellow sound,0.8,-0.03180766,-0.0066527557,0.025154905
eq,guitar,guitar_EQ_mellow_1.0.wav,mellow,a mellow sound,1.0,-0.03180766,0.01596823,0.04777589
eq,guitar,guitar_EQ_peaceful_0.2.wav,peaceful,a peaceful sound,0.2,-0.057709016,0.0035349857,0.061244003
eq,guitar,guitar_EQ_peaceful_0.4.wav,peaceful,a peaceful sound,0.4,-0.057709016,0.03227416,0.08998318
eq,guitar,guitar_EQ_peaceful_0.6.wav,peaceful,a peaceful sound,0.6,-0.057709016,0.012653161,0.07036218
eq,guitar,guitar_EQ_peaceful_0.8.wav,peaceful,a peaceful sound,0.8,-0.057709016,0.020755261,0.07846428
eq,guitar,guitar_EQ_peaceful_1.0.wav,peaceful,a peaceful sound,1.0,-0.057709016,0.033364248,0.09107326
eq,guitar,guitar_EQ_sharp_0.2.wav,sharp,a sharp sound,0.2,-0.0099922065,0.02433047,0.03432268
eq,guitar,guitar_EQ_sharp_0.4.wav,sharp,a sharp sound,0.4,-0.0099922065,0.019014664,0.02900687
eq,guitar,guitar_EQ_sharp_0.6.wav,sharp,a sharp sound,0.6,-0.0099922065,0.0046312716,0.014623478
eq,guitar,guitar_EQ_sharp_0.8.wav,sharp,a sharp sound,0.8,-0.0099922065,0.014698222,0.024690429
eq,guitar,guitar_EQ_sharp_1.0.wav,sharp,a sharp sound,1.0,-0.0099922065,0.02424736,0.034239568
eq,guitar,guitar_EQ_smooth_0.2.wav,smooth,a smooth sound,0.2,-0.024831753,0.05327972,0.07811147
eq,guitar,guitar_EQ_smooth_0.4.wav,smooth,a smooth sound,0.4,-0.024831753,0.024771554,0.049603306
eq,guitar,guitar_EQ_smooth_0.6.wav,smooth,a smooth sound,0.6,-0.024831753,0.020599274,0.045431025
eq,guitar,guitar_EQ_smooth_0.8.wav,smooth,a smooth sound,0.8,-0.024831753,0.01587009,0.040701844
eq,guitar,guitar_EQ_smooth_1.0.wav,smooth,a smooth sound,1.0,-0.024831753,0.030927787,0.05575954
eq,guitar,guitar_EQ_soft_0.2.wav,soft,a soft sound,0.2,-0.06370624,0.010082994,0.07378924
eq,guitar,guitar_EQ_soft_0.4.wav,soft,a soft sound,0.4,-0.06370624,-0.030648945,0.033057295
eq,guitar,guitar_EQ_soft_0.6.wav,soft,a soft sound,0.6,-0.06370624,0.0086952485,0.072401494
eq,guitar,guitar_EQ_soft_0.8.wav,soft,a soft sound,0.8,-0.06370624,-0.036520958,0.027185284
eq,guitar,guitar_EQ_soft_1.0.wav,soft,a soft sound,1.0,-0.06370624,0.01648854,0.080194786
eq,guitar,guitar_EQ_soothing_0.2.wav,soothing,a soothing sound,0.2,-0.04568297,0.016949635,0.062632605
eq,guitar,guitar_EQ_soothing_0.4.wav,soothing,a soothing sound,0.4,-0.04568297,-0.001620952,0.04406202
eq,guitar,guitar_EQ_soothing_0.6.wav,soothing,a soothing sound,0.6,-0.04568297,0.027389541,0.07307251
eq,guitar,guitar_EQ_soothing_0.8.wav,soothing,a soothing sound,0.8,-0.04568297,0.055968642,0.10165161
eq,guitar,guitar_EQ_soothing_1.0.wav,soothing,a soothing sound,1.0,-0.04568297,0.05801979,0.10370276
eq,guitar,guitar_EQ_tinny_0.2.wav,tinny,a tinny sound,0.2,-0.014512883,0.023509499,0.03802238
eq,guitar,guitar_EQ_tinny_0.4.wav,tinny,a tinny sound,0.4,-0.014512883,0.0048183613,0.019331243
eq,guitar,guitar_EQ_tinny_0.6.wav,tinny,a tinny sound,0.6,-0.014512883,-0.017337307,-0.0028244248
eq,guitar,guitar_EQ_tinny_0.8.wav,tinny,a tinny sound,0.8,-0.014512883,-0.012199625,0.0023132572
eq,guitar,guitar_EQ_tinny_1.0.wav,tinny,a tinny sound,1.0,-0.014512883,-0.019468915,-0.004956032
eq,guitar,guitar_EQ_warm_0.2.wav,warm,a warm sound,0.2,0.0023867246,0.05440977,0.052023046
eq,guitar,guitar_EQ_warm_0.4.wav,warm,a warm sound,0.4,0.0023867246,0.0594488,0.057062075
eq,guitar,guitar_EQ_warm_0.6.wav,warm,a warm sound,0.6,0.0023867246,0.001139896,-0.0012468286
eq,guitar,guitar_EQ_warm_0.8.wav,warm,a warm sound,0.8,0.0023867246,0.008754576,0.006367851
eq,guitar,guitar_EQ_warm_1.0.wav,warm,a warm sound,1.0,0.0023867246,0.052756302,0.050369576
eq,piano,piano_EQ_bright_0.2.wav,bright,a bright sound,0.2,-0.014555391,-0.010935089,0.0036203023
eq,piano,piano_EQ_bright_0.4.wav,bright,a bright sound,0.4,-0.014555391,-0.04429635,-0.02974096
eq,piano,piano_EQ_bright_0.6.wav,bright,a bright sound,0.6,-0.014555391,-0.0068262126,0.0077291783
eq,piano,piano_EQ_bright_0.8.wav,bright,a bright sound,0.8,-0.014555391,-0.028946627,-0.014391236
eq,piano,piano_EQ_bright_1.0.wav,bright,a bright sound,1.0,-0.014555391,0.004294952,0.018850343
eq,piano,piano_EQ_calm_0.2.wav,calm,a calm sound,0.2,-0.074350044,-0.049696907,0.024653137
eq,piano,piano_EQ_calm_0.4.wav,calm,a calm sound,0.4,-0.074350044,-0.13057995,-0.056229904
eq,piano,piano_EQ_calm_0.6.wav,calm,a calm sound,0.6,-0.074350044,-0.09217053,-0.017820485
eq,piano,piano_EQ_calm_0.8.wav,calm,a calm sound,0.8,-0.074350044,-0.059961855,0.014388189
eq,piano,piano_EQ_calm_1.0.wav,calm,a calm sound,1.0,-0.074350044,-0.11326221,-0.038912162
eq,piano,piano_EQ_clear_0.2.wav,clear,a clear sound,0.2,-0.05263411,-0.0715483,-0.01891419
eq,piano,piano_EQ_clear_0.4.wav,clear,a clear sound,0.4,-0.05263411,-0.051102288,0.0015318207
eq,piano,piano_EQ_clear_0.6.wav,clear,a clear sound,0.6,-0.05263411,-0.052323937,0.0003101714
eq,piano,piano_EQ_clear_0.8.wav,clear,a clear sound,0.8,-0.05263411,-0.05253624,9.78671e-05
eq,piano,piano_EQ_clear_1.0.wav,clear,a clear sound,1.0,-0.05263411,0.0021930803,0.05482719
eq,piano,piano_EQ_cold_0.2.wav,cold,a cold sound,0.2,-0.06710567,-0.07987192,-0.0127662495
eq,piano,piano_EQ_cold_0.4.wav,cold,a cold sound,0.4,-0.06710567,-0.07498378,-0.00787811
eq,piano,piano_EQ_cold_0.6.wav,cold,a cold sound,0.6,-0.06710567,-0.03660904,0.030496635
eq,piano,piano_EQ_cold_0.8.wav,cold,a cold sound,0.8,-0.06710567,-0.09281948,-0.025713809
eq,piano,piano_EQ_cold_1.0.wav,cold,a cold sound,1.0,-0.06710567,-0.07691932,-0.009813644
eq,piano,piano_EQ_cool_0.2.wav,cool,a cool sound,0.2,0.01515233,0.031776264,0.016623935
eq,piano,piano_EQ_cool_0.4.wav,cool,a cool sound,0.4,0.01515233,-0.0009031594,-0.016055489
eq,piano,piano_EQ_cool_0.6.wav,cool,a cool sound,0.6,0.01515233,-0.002533326,-0.017685656
eq,piano,piano_EQ_cool_0.8.wav,cool,a cool sound,0.8,0.01515233,0.01137949,-0.00377284
eq,piano,piano_EQ_cool_1.0.wav,cool,a cool sound,1.0,0.01515233,0.03431894,0.01916661
eq,piano,piano_EQ_crisp_0.2.wav,crisp,a crisp sound,0.2,-0.08687637,-0.084391735,0.0024846345
eq,piano,piano_EQ_crisp_0.4.wav,crisp,a crisp sound,0.4,-0.08687637,-0.08838958,-0.0015132129
eq,piano,piano_EQ_crisp_0.6.wav,crisp,a crisp sound,0.6,-0.08687637,-0.09418032,-0.007303953
eq,piano,piano_EQ_crisp_0.8.wav,crisp,a crisp sound,0.8,-0.08687637,-0.091908365,-0.0050319955
eq,piano,piano_EQ_crisp_1.0.wav,crisp,a crisp sound,1.0,-0.08687637,-0.13716358,-0.05028721
eq,piano,piano_EQ_dark_0.2.wav,dark,a dark sound,0.2,0.07587323,0.10345499,0.027581759
eq,piano,piano_EQ_dark_0.4.wav,dark,a dark sound,0.4,0.07587323,0.09350469,0.017631456
eq,piano,piano_EQ_dark_0.6.wav,dark,a dark sound,0.6,0.07587323,0.08753331,0.011660077
eq,piano,piano_EQ_dark_0.8.wav,dark,a dark sound,0.8,0.07587323,0.1018019,0.025928669
eq,piano,piano_EQ_dark_1.0.wav,dark,a dark sound,1.0,0.07587323,0.113090344,0.03721711
eq,piano,piano_EQ_gentle_0.2.wav,gentle,a gentle sound,0.2,-0.0022354499,-0.014343789,-0.012108339
eq,piano,piano_EQ_gentle_0.4.wav,gentle,a gentle sound,0.4,-0.0022354499,0.018633343,0.020868793
eq,piano,piano_EQ_gentle_0.6.wav,gentle,a gentle sound,0.6,-0.0022354499,0.0004091123,0.0026445622
eq,piano,piano_EQ_gentle_0.8.wav,gentle,a gentle sound,0.8,-0.0022354499,-0.0025851913,-0.00034974143
eq,piano,piano_EQ_gentle_1.0.wav,gentle,a gentle sound,1.0,-0.0022354499,-0.012543004,-0.010307554
eq,piano,piano_EQ_hard_0.2.wav,hard,a hard sound,0.2,0.011073744,0.06518066,0.054106914
eq,piano,piano_EQ_hard_0.4.wav,hard,a hard sound,0.4,0.011073744,0.0132177835,0.0021440396
eq,piano,piano_EQ_hard_0.6.wav,hard,a hard sound,0.6,0.011073744,0.03915845,0.028084705
eq,piano,piano_EQ_hard_0.8.wav,hard,a hard sound,0.8,0.011073744,0.07997428,0.06890053
eq,piano,piano_EQ_hard_1.0.wav,hard,a hard sound,1.0,0.011073744,0.08100367,0.06992993
eq,piano,piano_EQ_harsh_0.2.wav,harsh,a harsh sound,0.2,-0.1221426,-0.11377276,0.008369841
eq,piano,piano_EQ_harsh_0.4.wav,harsh,a harsh sound,0.4,-0.1221426,-0.108569816,0.013572782
eq,piano,piano_EQ_harsh_0.6.wav,harsh,a harsh sound,0.6,-0.1221426,-0.10753584,0.014606759
eq,piano,piano_EQ_harsh_0.8.wav,harsh,a harsh sound,0.8,-0.1221426,-0.07921604,0.042926557
eq,piano,piano_EQ_harsh_1.0.wav,harsh,a harsh sound,1.0,-0.1221426,-0.06394072,0.05820188
eq,piano,piano_EQ_heavy_0.2.wav,heavy,a heavy sound,0.2,0.011252008,0.019432921,0.008180913
eq,piano,piano_EQ_heavy_0.4.wav,heavy,a heavy sound,0.4,0.011252008,0.010441503,-0.0008105058
eq,piano,piano_EQ_heavy_0.6.wav,heavy,a heavy sound,0.6,0.011252008,0.01823322,0.006981211
eq,piano,piano_EQ_heavy_0.8.wav,heavy,a heavy sound,0.8,0.011252008,0.025238045,0.013986036
eq,piano,piano_EQ_heavy_1.0.wav,heavy,a heavy sound,1.0,0.011252008,0.028281333,0.017029325
eq,piano,piano_EQ_loud_0.2.wav,loud,a loud sound,0.2,-0.09325819,-0.1030394,-0.009781212
eq,piano,piano_EQ_loud_0.4.wav,loud,a loud sound,0.4,-0.09325819,-0.057319596,0.03593859
eq,piano,piano_EQ_loud_0.6.wav,loud,a loud sound,0.6,-0.09325819,-0.06600419,0.027254
eq,piano,piano_EQ_loud_0.8.wav,loud,a loud sound,0.8,-0.09325819,-0.061991215,0.031266972
eq,piano,piano_EQ_loud_1.0.wav,loud,a loud sound,1.0,-0.09325819,-0.054847494,0.038410693
eq,piano,piano_EQ_mellow_0.2.wav,mellow,a mellow sound,0.2,0.10490683,0.0939025,-0.011004329
eq,piano,piano_EQ_mellow_0.4.wav,mellow,a mellow sound,0.4,0.10490683,0.11028536,0.0053785294
eq,piano,piano_EQ_mellow_0.6.wav,mellow,a mellow sound,0.6,0.10490683,0.11084466,0.0059378296
eq,piano,piano_EQ_mellow_0.8.wav,mellow,a mellow sound,0.8,0.10490683,0.13155714,0.02665031
eq,piano,piano_EQ_mellow_1.0.wav,mellow,a mellow sound,1.0,0.10490683,0.11122701,0.006320186
eq,piano,piano_EQ_peaceful_0.2.wav,peaceful,a peaceful sound,0.2,-0.010402255,-0.035499826,-0.025097571
eq,piano,piano_EQ_peaceful_0.4.wav,peaceful,a peaceful sound,0.4,-0.010402255,-0.0066965604,0.0037056943
eq,piano,piano_EQ_peaceful_0.6.wav,peaceful,a peaceful sound,0.6,-0.010402255,0.0047939904,0.015196245
eq,piano,piano_EQ_peaceful_0.8.wav,peaceful,a peaceful sound,0.8,-0.010402255,-0.01042336,-2.1105632e-05
eq,piano,piano_EQ_peaceful_1.0.wav,peaceful,a peaceful sound,1.0,-0.010402255,-0.041796118,-0.031393863
eq,piano,piano_EQ_sharp_0.2.wav,sharp,a sharp sound,0.2,-0.08467591,-0.068554915,0.016120993
eq,piano,piano_EQ_sharp_0.4.wav,sharp,a sharp sound,0.4,-0.08467591,-0.05651492,0.02816099
eq,piano,piano_EQ_sharp_0.6.wav,sharp,a sharp sound,0.6,-0.08467591,-0.06795826,0.01671765
eq,piano,piano_EQ_sharp_0.8.wav,sharp,a sharp sound,0.8,-0.08467591,-0.07942257,0.0052533373
eq,piano,piano_EQ_sharp_1.0.wav,sharp,a sharp sound,1.0,-0.08467591,-0.04595832,0.038717587
eq,piano,piano_EQ_smooth_0.2.wav,smooth,a smooth sound,0.2,0.021832924,0.060373705,0.03854078
eq,piano,piano_EQ_smooth_0.4.wav,smooth,a smooth sound,0.4,0.021832924,0.027708339,0.0058754142
eq,piano,piano_EQ_smooth_0.6.wav,smooth,a smooth sound,0.6,0.021832924,0.082809925,0.060977
eq,piano,piano_EQ_smooth_0.8.wav,smooth,a smooth sound,0.8,0.021832924,0.055228904,0.03339598
eq,piano,piano_EQ_smooth_1.0.wav,smooth,a smooth sound,1.0,0.021832924,0.096077636,0.07424471
eq,piano,piano_EQ_soft_0.2.wav,soft,a soft sound,0.2,0.0062927604,-0.0047424305,-0.011035191
eq,piano,piano_EQ_soft_0.4.wav,soft,a soft sound,0.4,0.0062927604,0.0042199297,-0.0020728307
eq,piano,piano_EQ_soft_0.6.wav,soft,a soft sound,0.6,0.0062927604,-0.009645343,-0.015938103
eq,piano,piano_EQ_soft_0.8.wav,soft,a soft sound,0.8,0.0062927604,0.0103914365,0.004098676
eq,piano,piano_EQ_soft_1.0.wav,soft,a soft sound,1.0,0.0062927604,0.022183105,0.015890345
eq,piano,piano_EQ_soothing_0.2.wav,soothing,a soothing sound,0.2,0.002788525,0.02188049,0.019091966
eq,piano,piano_EQ_soothing_0.4.wav,soothing,a soothing sound,0.4,0.002788525,-0.0027040201,-0.005492545
eq,piano,piano_EQ_soothing_0.6.wav,soothing,a soothing sound,0.6,0.002788525,0.03203874,0.029250216
eq,piano,piano_EQ_soothing_0.8.wav,soothing,a soothing sound,0.8,0.002788525,0.014896315,0.0121077895
eq,piano,piano_EQ_soothing_1.0.wav,soothing,a soothing sound,1.0,0.002788525,-0.017027738,-0.019816263
eq,piano,piano_EQ_tinny_0.2.wav,tinny,a tinny sound,0.2,-0.10643807,-0.0881525,0.018285573
eq,piano,piano_EQ_tinny_0.4.wav,tinny,a tinny sound,0.4,-0.10643807,-0.10483873,0.0015993416
eq,piano,piano_EQ_tinny_0.6.wav,tinny,a tinny sound,0.6,-0.10643807,-0.07911346,0.02732461
eq,piano,piano_EQ_tinny_0.8.wav,tinny,a tinny sound,0.8,-0.10643807,-0.14148377,-0.0350457
eq,piano,piano_EQ_tinny_1.0.wav,tinny,a tinny sound,1.0,-0.10643807,-0.11086059,-0.004422523
eq,piano,piano_EQ_warm_0.2.wav,warm,a warm sound,0.2,0.029472426,0.0050985245,-0.0243739
eq,piano,piano_EQ_warm_0.4.wav,warm,a warm sound,0.4,0.029472426,0.04607802,0.016605593
eq,piano,piano_EQ_warm_0.6.wav,warm,a warm sound,0.6,0.029472426,0.05723139,0.027758963
eq,piano,piano_EQ_warm_0.8.wav,warm,a warm sound,0.8,0.029472426,0.045467146,0.01599472
eq,piano,piano_EQ_warm_1.0.wav,warm,a warm sound,1.0,0.029472426,0.04607272,0.016600296
eq,mixture,mixture_EQ_bright_0.2.wav,bright,a bright sound,0.2,-0.0030872002,-0.0048025176,-0.0017153174
eq,mixture,mixture_EQ_bright_0.4.wav,bright,a bright sound,0.4,-0.0030872002,0.022624608,0.025711808
eq,mixture,mixture_EQ_bright_0.6.wav,bright,a bright sound,0.6,-0.0030872002,-0.007646354,-0.0045591537
eq,mixture,mixture_EQ_bright_0.8.wav,bright,a bright sound,0.8,-0.0030872002,-0.037274957,-0.034187756
eq,mixture,mixture_EQ_bright_1.0.wav,bright,a bright sound,1.0,-0.0030872002,-0.011894634,-0.008807434
eq,mixture,mixture_EQ_calm_0.2.wav,calm,a calm sound,0.2,0.009999936,0.00095332786,-0.009046609
eq,mixture,mixture_EQ_calm_0.4.wav,calm,a calm sound,0.4,0.009999936,-0.01626081,-0.026260747
eq,mixture,mixture_EQ_calm_0.6.wav,calm,a calm sound,0.6,0.009999936,0.023118097,0.013118161
eq,mixture,mixture_EQ_calm_0.8.wav,calm,a calm sound,0.8,0.009999936,0.036715396,0.02671546
eq,mixture,mixture_EQ_calm_1.0.wav,calm,a calm sound,1.0,0.009999936,-0.035235874,-0.045235813
eq,mixture,mixture_EQ_clear_0.2.wav,clear,a clear sound,0.2,-0.012962555,-0.029639892,-0.016677339
eq,mixture,mixture_EQ_clear_0.4.wav,clear,a clear sound,0.4,-0.012962555,-0.0061662234,0.006796331
eq,mixture,mixture_EQ_clear_0.6.wav,clear,a clear sound,0.6,-0.012962555,-0.01555843,-0.0025958754
eq,mixture,mixture_EQ_clear_0.8.wav,clear,a clear sound,0.8,-0.012962555,0.01821125,0.031173803
eq,mixture,mixture_EQ_clear_1.0.wav,clear,a clear sound,1.0,-0.012962555,-0.03173376,-0.018771205
eq,mixture,mixture_EQ_cold_0.2.wav,cold,a cold sound,0.2,-0.07264643,-0.09076843,-0.018121995
eq,mixture,mixture_EQ_cold_0.4.wav,cold,a cold sound,0.4,-0.07264643,-0.102505684,-0.029859252
eq,mixture,mixture_EQ_cold_0.6.wav,cold,a cold sound,0.6,-0.07264643,-0.10959044,-0.03694401
eq,mixture,mixture_EQ_cold_0.8.wav,cold,a cold sound,0.8,-0.07264643,-0.08991811,-0.017271675
eq,mixture,mixture_EQ_cold_1.0.wav,cold,a cold sound,1.0,-0.07264643,-0.10051652,-0.027870089
eq,mixture,mixture_EQ_cool_0.2.wav,cool,a cool sound,0.2,0.021959098,0.010687381,-0.011271717
eq,mixture,mixture_EQ_cool_0.4.wav,cool,a cool sound,0.4,0.021959098,0.005611688,-0.01634741
eq,mixture,mixture_EQ_cool_0.6.wav,cool,a cool sound,0.6,0.021959098,-0.0060914233,-0.028050521
eq,mixture,mixture_EQ_cool_0.8.wav,cool,a cool sound,0.8,0.021959098,0.042487126,0.020528028
eq,mixture,mixture_EQ_cool_1.0.wav,cool,a cool sound,1.0,0.021959098,0.008311862,-0.013647236
eq,mixture,mixture_EQ_crisp_0.2.wav,crisp,a crisp sound,0.2,0.0044516996,0.011862539,0.007410839
eq,mixture,mixture_EQ_crisp_0.4.wav,crisp,a crisp sound,0.4,0.0044516996,-0.01345766,-0.01790936
eq,mixture,mixture_EQ_crisp_0.6.wav,crisp,a crisp sound,0.6,0.0044516996,0.0066149347,0.002163235
eq,mixture,mixture_EQ_crisp_0.8.wav,crisp,a crisp sound,0.8,0.0044516996,0.0035815425,-0.00087015703
eq,mixture,mixture_EQ_crisp_1.0.wav,crisp,a crisp sound,1.0,0.0044516996,0.012371663,0.007919963
eq,mixture,mixture_EQ_dark_0.2.wav,dark,a dark sound,0.2,0.025898296,-0.0027305055,-0.028628802
eq,mixture,mixture_EQ_dark_0.4.wav,dark,a dark sound,0.4,0.025898296,0.035942063,0.010043766
eq,mixture,mixture_EQ_dark_0.6.wav,dark,a dark sound,0.6,0.025898296,0.01729222,-0.008606076
eq,mixture,mixture_EQ_dark_0.8.wav,dark,a dark sound,0.8,0.025898296,0.021777708,-0.0041205883
eq,mixture,mixture_EQ_dark_1.0.wav,dark,a dark sound,1.0,0.025898296,0.033090472,0.007192176
eq,mixture,mixture_EQ_gentle_0.2.wav,gentle,a gentle sound,0.2,0.009079676,-0.00276603,-0.011845706
eq,mixture,mixture_EQ_gentle_0.4.wav,gentle,a gentle sound,0.4,0.009079676,0.005776787,-0.003302889
eq,mixture,mixture_EQ_gentle_0.6.wav,gentle,a gentle sound,0.6,0.009079676,0.016633343,0.007553667
eq,mixture,mixture_EQ_gentle_0.8.wav,gentle,a gentle sound,0.8,0.009079676,0.06364128,0.054561604
eq,mixture,mixture_EQ_gentle_1.0.wav,gentle,a gentle sound,1.0,0.009079676,-0.023349613,-0.03242929
eq,mixture,mixture_EQ_hard_0.2.wav,hard,a hard sound,0.2,-0.009457888,4.1484833e-05,0.009499373
eq,mixture,mixture_EQ_hard_0.4.wav,hard,a hard sound,0.4,-0.009457888,0.015701115,0.025159003
eq,mixture,mixture_EQ_hard_0.6.wav,hard,a hard sound,0.6,-0.009457888,0.012217581,0.02167547
eq,mixture,mixture_EQ_hard_0.8.wav,hard,a hard sound,0.8,-0.009457888,0.022186136,0.031644024
eq,mixture,mixture_EQ_hard_1.0.wav,hard,a hard sound,1.0,-0.009457888,0.032753196,0.042211086
eq,mixture,mixture_EQ_harsh_0.2.wav,harsh,a harsh sound,0.2,-0.10795814,-0.10152647,0.006431669
eq,mixture,mixture_EQ_harsh_0.4.wav,harsh,a harsh sound,0.4,-0.10795814,-0.08346879,0.02448935
eq,mixture,mixture_EQ_harsh_0.6.wav,harsh,a harsh sound,0.6,-0.10795814,-0.07835901,0.02959913
eq,mixture,mixture_EQ_harsh_0.8.wav,harsh,a harsh sound,0.8,-0.10795814,-0.11164235,-0.0036842152
eq,mixture,mixture_EQ_harsh_1.0.wav,harsh,a harsh sound,1.0,-0.10795814,-0.102112204,0.005845934
eq,mixture,mixture_EQ_heavy_0.2.wav,heavy,a heavy sound,0.2,0.0028358027,0.013271218,0.010435415
eq,mixture,mixture_EQ_heavy_0.4.wav,heavy,a heavy sound,0.4,0.0028358027,0.016526688,0.013690885
eq,mixture,mixture_EQ_heavy_0.6.wav,heavy,a heavy sound,0.6,0.0028358027,0.018057687,0.0152218845
eq,mixture,mixture_EQ_heavy_0.8.wav,heavy,a heavy sound,0.8,0.0028358027,0.024972666,0.022136863
eq,mixture,mixture_EQ_heavy_1.0.wav,heavy,a heavy sound,1.0,0.0028358027,0.025348239,0.022512436
eq,mixture,mixture_EQ_loud_0.2.wav,loud,a loud sound,0.2,-0.085900515,-0.08345095,0.0024495646
eq,mixture,mixture_EQ_loud_0.4.wav,loud,a loud sound,0.4,-0.085900515,-0.0931344,-0.007233888
eq,mixture,mixture_EQ_loud_0.6.wav,loud,a loud sound,0.6,-0.085900515,-0.097667836,-0.01176732
eq,mixture,mixture_EQ_loud_0.8.wav,loud,a loud sound,0.8,-0.085900515,-0.057364985,0.02853553
eq,mixture,mixture_EQ_loud_1.0.wav,loud,a loud sound,1.0,-0.085900515,-0.09525796,-0.009357445
eq,mixture,mixture_EQ_mellow_0.2.wav,mellow,a mellow sound,0.2,0.04293645,0.047170248,0.004233796
eq,mixture,mixture_EQ_mellow_0.4.wav,mellow,a mellow sound,0.4,0.04293645,0.0046307575,-0.038305692
eq,mixture,mixture_EQ_mellow_0.6.wav,mellow,a mellow sound,0.6,0.04293645,0.018197963,-0.024738489
eq,mixture,mixture_EQ_mellow_0.8.wav,mellow,a mellow sound,0.8,0.04293645,0.04682452,0.0038880669
eq,mixture,mixture_EQ_mellow_1.0.wav,mellow,a mellow sound,1.0,0.04293645,0.038911246,-0.004025206
eq,mixture,mixture_EQ_peaceful_0.2.wav,peaceful,a peaceful sound,0.2,0.004937537,-0.0054154377,-0.010352975
eq,mixture,mixture_EQ_peaceful_0.4.wav,peaceful,a peaceful sound,0.4,0.004937537,-0.031598367,-0.036535904
eq,mixture,mixture_EQ_peaceful_0.6.wav,peaceful,a peaceful sound,0.6,0.004937537,-0.017480953,-0.02241849
eq,mixture,mixture_EQ_peaceful_0.8.wav,peaceful,a peaceful sound,0.8,0.004937537,-0.0015011067,-0.0064386437
eq,mixture,mixture_EQ_peaceful_1.0.wav,peaceful,a peaceful sound,1.0,0.004937537,-0.0018780334,-0.0068155704
eq,mixture,mixture_EQ_sharp_0.2.wav,sharp,a sharp sound,0.2,-0.047927726,-0.03920299,0.008724738
eq,mixture,mixture_EQ_sharp_0.4.wav,sharp,a sharp sound,0.4,-0.047927726,-0.05619408,-0.008266352
eq,mixture,mixture_EQ_sharp_0.6.wav,sharp,a sharp sound,0.6,-0.047927726,-0.07825899,-0.030331265
eq,mixture,mixture_EQ_sharp_0.8.wav,sharp,a sharp sound,0.8,-0.047927726,-0.07667169,-0.028743964
eq,mixture,mixture_EQ_sharp_1.0.wav,sharp,a sharp sound,1.0,-0.047927726,-0.0638101,-0.015882377
eq,mixture,mixture_EQ_smooth_0.2.wav,smooth,a smooth sound,0.2,0.015289659,-0.008938666,-0.024228325
eq,mixture,mixture_EQ_smooth_0.4.wav,smooth,a smooth sound,0.4,0.015289659,0.007783208,-0.0075064506
eq,mixture,mixture_EQ_smooth_0.6.wav,smooth,a smooth sound,0.6,0.015289659,0.015153531,-0.0001361277
eq,mixture,mixture_EQ_smooth_0.8.wav,smooth,a smooth sound,0.8,0.015289659,0.0066158287,-0.00867383
eq,mixture,mixture_EQ_smooth_1.0.wav,smooth,a smooth sound,1.0,0.015289659,0.09106588,0.07577623
eq,mixture,mixture_EQ_soft_0.2.wav,soft,a soft sound,0.2,-0.024806382,-0.046023358,-0.021216976
eq,mixture,mixture_EQ_soft_0.4.wav,soft,a soft sound,0.4,-0.024806382,-0.051969133,-0.027162751
eq,mixture,mixture_EQ_soft_0.6.wav,soft,a soft sound,0.6,-0.024806382,0.03183035,0.056636736
eq,mixture,mixture_EQ_soft_0.8.wav,soft,a soft sound,0.8,-0.024806382,-0.018422782,0.0063835997
eq,mixture,mixture_EQ_soft_1.0.wav,soft,a soft sound,1.0,-0.024806382,-0.02310264,0.0017037429
eq,mixture,mixture_EQ_soothing_0.2.wav,soothing,a soothing sound,0.2,0.023459388,-0.0081951115,-0.0316545
eq,mixture,mixture_EQ_soothing_0.4.wav,soothing,a soothing sound,0.4,0.023459388,0.047359668,0.02390028
eq,mixture,mixture_EQ_soothing_0.6.wav,soothing,a soothing sound,0.6,0.023459388,-0.010141229,-0.033600617
eq,mixture,mixture_EQ_soothing_0.8.wav,soothing,a soothing sound,0.8,0.023459388,0.008228293,-0.015231095
eq,mixture,mixture_EQ_soothing_1.0.wav,soothing,a soothing sound,1.0,0.023459388,0.007874029,-0.015585359
eq,mixture,mixture_EQ_tinny_0.2.wav,tinny,a tinny sound,0.2,0.0033855513,-0.02308834,-0.026473891
eq,mixture,mixture_EQ_tinny_0.4.wav,tinny,a tinny sound,0.4,0.0033855513,-0.013340876,-0.016726427
eq,mixture,mixture_EQ_tinny_0.6.wav,tinny,a tinny sound,0.6,0.0033855513,-0.03044851,-0.033834063
eq,mixture,mixture_EQ_tinny_0.8.wav,tinny,a tinny sound,0.8,0.0033855513,-0.026695337,-0.030080888
eq,mixture,mixture_EQ_tinny_1.0.wav,tinny,a tinny sound,1.0,0.0033855513,-0.017146502,-0.020532053
eq,mixture,mixture_EQ_warm_0.2.wav,warm,a warm sound,0.2,-0.0070084687,0.011030758,0.018039227
eq,mixture,mixture_EQ_warm_0.4.wav,warm,a warm sound,0.4,-0.0070084687,0.010803454,0.017811922
eq,mixture,mixture_EQ_warm_0.6.wav,warm,a warm sound,0.6,-0.0070084687,0.00096069276,0.0079691615
eq,mixture,mixture_EQ_warm_0.8.wav,warm,a warm sound,0.8,-0.0070084687,-0.012285851,-0.005277382
eq,mixture,mixture_EQ_warm_1.0.wav,warm,a warm sound,1.0,-0.0070084687,-0.00046695396,0.006541515
reverb,guitar,guitar_reverb_bass_0.2.wav,bass,a bass sound,0.2,0.10446468,0.12874278,0.024278104
reverb,guitar,guitar_reverb_bass_0.4.wav,bass,a bass sound,0.4,0.10446468,0.1180238,0.013559118
reverb,guitar,guitar_reverb_bass_0.6.wav,bass,a bass sound,0.6,0.10446468,0.105132096,0.00066741556
reverb,guitar,guitar_reverb_bass_0.8.wav,bass,a bass sound,0.8,0.10446468,0.1345323,0.030067623
reverb,guitar,guitar_reverb_bass_1.0.wav,bass,a bass sound,1.0,0.10446468,0.12490467,0.02043999
reverb,guitar,guitar_reverb_big_0.2.wav,big,a big sound,0.2,-0.02176683,0.02542957,0.0471964
reverb,guitar,guitar_reverb_big_0.4.wav,big,a big sound,0.4,-0.02176683,0.044261187,0.066028014
reverb,guitar,guitar_reverb_big_0.6.wav,big,a big sound,0.6,-0.02176683,0.033534348,0.05530118
reverb,guitar,guitar_reverb_big_0.8.wav,big,a big sound,0.8,-0.02176683,0.042707935,0.06447476
reverb,guitar,guitar_reverb_big_1.0.wav,big,a big sound,1.0,-0.02176683,0.05132191,0.073088735
reverb,guitar,guitar_reverb_church_0.2.wav,church,a church sound,0.2,-0.051139876,0.010752262,0.061892137
reverb,guitar,guitar_reverb_church_0.4.wav,church,a church sound,0.4,-0.051139876,0.031110872,0.082250744
reverb,guitar,guitar_reverb_church_0.6.wav,church,a church sound,0.6,-0.051139876,0.04614235,0.09728223
reverb,guitar,guitar_reverb_church_0.8.wav,church,a church sound,0.8,-0.051139876,0.10367639,0.15481627
reverb,guitar,guitar_reverb_church_1.0.wav,church,a church sound,1.0,-0.051139876,0.19063684,0.24177672
reverb,guitar,guitar_reverb_clear_0.2.wav,clear,a clear sound,0.2,-0.082072765,-0.006660955,0.07541181
reverb,guitar,guitar_reverb_clear_0.4.wav,clear,a clear sound,0.4,-0.082072765,-0.05964694,0.022425823
reverb,guitar,guitar_reverb_clear_0.6.wav,clear,a clear sound,0.6,-0.082072765,0.014819032,0.0968918
reverb,guitar,guitar_reverb_clear_0.8.wav,clear,a clear sound,0.8,-0.082072765,0.020731967,0.102804735
reverb,guitar,guitar_reverb_clear_1.0.wav,clear,a clear sound,1.0,-0.082072765,0.037231788,0.11930455
reverb,guitar,guitar_reverb_deep_0.2.wav,deep,a deep sound,0.2,0.041967247,0.10277636,0.060809117
reverb,guitar,guitar_reverb_deep_0.4.wav,deep,a deep sound,0.4,0.041967247,0.10220148,0.06023423
reverb,guitar,guitar_reverb_deep_0.6.wav,deep,a deep sound,0.6,0.041967247,0.16174148,0.11977424
reverb,guitar,guitar_reverb_deep_0.8.wav,deep,a deep sound,0.8,0.041967247,0.1484403,0.10647306
reverb,guitar,guitar_reverb_deep_1.0.wav,deep,a deep sound,1.0,0.041967247,0.16450691,0.12253967
reverb,guitar,guitar_reverb_distant_0.2.wav,distant,a distant sound,0.2,-0.11544266,-0.07108427,0.044358395
reverb,guitar,guitar_reverb_distant_0.4.wav,distant,a distant sound,0.4,-0.11544266,-0.018474992,0.09696767
reverb,guitar,guitar_reverb_distant_0.6.wav,distant,a distant sound,0.6,-0.11544266,-0.014614245,0.10082842
reverb,guitar,guitar_reverb_distant_0.8.wav,distant,a distant sound,0.8,-0.11544266,0.0062988456,0.12174151
reverb,guitar,guitar_reverb_distant_1.0.wav,distant,a distant sound,1.0,-0.11544266,0.0029785242,0.11842119
reverb,guitar,guitar_reverb_distorted_0.2.wav,distorted,a distorted sound,0.2,0.113145694,0.097644426,-0.015501268
reverb,guitar,guitar_reverb_distorted_0.4.wav,distorted,a distorted sound,0.4,0.113145694,0.1270045,0.01385881
reverb,guitar,guitar_reverb_distorted_0.6.wav,distorted,a distorted sound,0.6,0.113145694,0.10617107,-0.0069746226
reverb,guitar,guitar_reverb_distorted_0.8.wav,distorted,a distorted sound,0.8,0.113145694,0.10427426,-0.008871436
reverb,guitar,guitar_reverb_distorted_1.0.wav,distorted,a distorted sound,1.0,0.113145694,0.10966189,-0.003483802
reverb,guitar,guitar_reverb_echo_0.2.wav,echo,an echo sound,0.2,0.16789767,0.24938276,0.08148509
reverb,guitar,guitar_reverb_echo_0.4.wav,echo,an echo sound,0.4,0.16789767,0.29152516,0.123627484
reverb,guitar,guitar_reverb_echo_0.6.wav,echo,an echo sound,0.6,0.16789767,0.29381233,0.12591466
reverb,guitar,guitar_reverb_echo_0.8.wav,echo,an echo sound,0.8,0.16789767,0.2613252,0.09342754
reverb,guitar,guitar_reverb_echo_1.0.wav,echo,an echo sound,1.0,0.16789767,0.27248377,0.104586095
reverb,guitar,guitar_reverb_hall_0.2.wav,hall,a hall sound,0.2,-0.1087067,-0.011974581,0.09673212
reverb,guitar,guitar_reverb_hall_0.4.wav,hall,a hall sound,0.4,-0.1087067,-0.0139592625,0.09474744
reverb,guitar,guitar_reverb_hall_0.6.wav,hall,a hall sound,0.6,-0.1087067,0.017882012,0.1265887
reverb,guitar,guitar_reverb_hall_0.8.wav,hall,a hall sound,0.8,-0.1087067,0.050361905,0.1590686
reverb,guitar,guitar_reverb_hall_1.0.wav,hall,a hall sound,1.0,-0.1087067,0.029459832,0.13816653
reverb,guitar,guitar_reverb_haunting_0.2.wav,haunting,a haunting sound,0.2,-0.01617097,0.06876074,0.08493171
reverb,guitar,guitar_reverb_haunting_0.4.wav,haunting,a haunting sound,0.4,-0.01617097,0.13764241,0.15381338
reverb,guitar,guitar_reverb_haunting_0.6.wav,haunting,a haunting sound,0.6,-0.01617097,0.21069798,0.22686894
reverb,guitar,guitar_reverb_haunting_0.8.wav,haunting,a haunting sound,0.8,-0.01617097,0.24466184,0.26083282
reverb,guitar,guitar_reverb_haunting_1.0.wav,haunting,a haunting sound,1.0,-0.01617097,0.22868225,0.24485321
reverb,guitar,guitar_reverb_hollow_0.2.wav,hollow,a hollow sound,0.2,0.019231156,0.043915413,0.024684258
reverb,guitar,guitar_reverb_hollow_0.4.wav,hollow,a hollow sound,0.4,0.019231156,0.10763559,0.08840443
reverb,guitar,guitar_reverb_hollow_0.6.wav,hollow,a hollow sound,0.6,0.019231156,0.14529546,0.1260643
reverb,guitar,guitar_reverb_hollow_0.8.wav,hollow,a hollow sound,0.8,0.019231156,0.1464132,0.12718205
reverb,guitar,guitar_reverb_hollow_1.0.wav,hollow,a hollow sound,1.0,0.019231156,0.15684092,0.13760976
reverb,guitar,guitar_reverb_loud_0.2.wav,loud,a loud sound,0.2,-0.027390836,-0.0075784605,0.019812375
reverb,guitar,guitar_reverb_loud_0.4.wav,loud,a loud sound,0.4,-0.027390836,-0.016144713,0.011246122
reverb,guitar,guitar_reverb_loud_0.6.wav,loud,a loud sound,0.6,-0.027390836,0.0036654733,0.03105631
reverb,guitar,guitar_reverb_loud_0.8.wav,loud,a loud sound,0.8,-0.027390836,-0.015240323,0.012150513
reverb,guitar,guitar_reverb_loud_1.0.wav,loud,a loud sound,1.0,-0.027390836,-0.017600935,0.009789901
reverb,guitar,guitar_reverb_low_0.2.wav,low,a low sound,0.2,-0.07382853,-0.016150113,0.05767842
reverb,guitar,guitar_reverb_low_0.4.wav,low,a low sound,0.4,-0.07382853,-0.0142225325,0.059606
reverb,guitar,guitar_reverb_low_0.6.wav,low,a low sound,0.6,-0.07382853,0.015560295,0.08938883
reverb,guitar,guitar_reverb_low_0.8.wav,low,a low sound,0.8,-0.07382853,0.0010023308,0.07483087
reverb,guitar,guitar_reverb_low_1.0.wav,low,a low sound,1.0,-0.07382853,0.01668598,0.09051451
reverb,guitar,guitar_reverb_muffled_0.2.wav,muffled,a muffled sound,0.2,-0.06418181,-0.024802878,0.039378934
reverb,guitar,guitar_reverb_muffled_0.4.wav,muffled,a muffled sound,0.4,-0.06418181,0.007288688,0.0714705
reverb,guitar,guitar_reverb_muffled_0.6.wav,muffled,a muffled sound,0.6,-0.06418181,0.026573267,0.090755075
reverb,guitar,guitar_reverb_muffled_0.8.wav,muffled,a muffled sound,0.8,-0.06418181,0.055797614,0.119979426
reverb,guitar,guitar_reverb_muffled_1.0.wav,muffled,a muffled sound,1.0,-0.06418181,0.0189198,0.083101615
reverb,guitar,guitar_reverb_sad_0.2.wav,sad,a sad sound,0.2,0.027408483,0.07324039,0.04583191
reverb,guitar,guitar_reverb_sad_0.4.wav,sad,a sad sound,0.4,0.027408483,0.06834348,0.040935002
reverb,guitar,guitar_reverb_sad_0.6.wav,sad,a sad sound,0.6,0.027408483,0.09466677,0.06725829
reverb,guitar,guitar_reverb_sad_0.8.wav,sad,a sad sound,0.8,0.027408483,0.10347368,0.0760652
reverb,guitar,guitar_reverb_sad_1.0.wav,sad,a sad sound,1.0,0.027408483,0.16890366,0.14149518
reverb,guitar,guitar_reverb_soft_0.2.wav,soft,a soft sound,0.2,-0.06370624,-0.00045561232,0.06325063
reverb,guitar,guitar_reverb_soft_0.4.wav,soft,a soft sound,0.4,-0.06370624,-0.016732594,0.046973646
reverb,guitar,guitar_reverb_soft_0.6.wav,soft,a soft sound,0.6,-0.06370624,-0.040235676,0.023470566
reverb,guitar,guitar_reverb_soft_0.8.wav,soft,a soft sound,0.8,-0.06370624,-0.018796444,0.044909798
reverb,guitar,guitar_reverb_soft_1.0.wav,soft,a soft sound,1.0,-0.06370624,0.008375872,0.07208212
reverb,guitar,guitar_reverb_spacious_0.2.wav,spacious,a spacious sound,0.2,-0.09887214,-0.015527228,0.083344914
reverb,guitar,guitar_reverb_spacious_0.4.wav,spacious,a spacious sound,0.4,-0.09887214,0.0076322593,0.106504396
reverb,guitar,guitar_reverb_spacious_0.6.wav,spacious,a spacious sound,0.6,-0.09887214,-0.046583846,0.052288294
reverb,guitar,guitar_reverb_spacious_0.8.wav,spacious,a spacious sound,0.8,-0.09887214,0.033757642,0.13262978
reverb,guitar,guitar_reverb_spacious_1.0.wav,spacious,a spacious sound,1.0,-0.09887214,0.06683929,0.16571143
reverb,guitar,guitar_reverb_strong_0.2.wav,strong,a strong sound,0.2,-0.029562468,-0.019145045,0.010417422
reverb,guitar,guitar_reverb_strong_0.4.wav,strong,a strong sound,0.4,-0.029562468,-0.012777049,0.016785419
reverb,guitar,guitar_reverb_strong_0.6.wav,strong,a strong sound,0.6,-0.029562468,0.023384891,0.052947357
reverb,guitar,guitar_reverb_strong_0.8.wav,strong,a strong sound,0.8,-0.029562468,0.07119404,0.1007565
reverb,guitar,guitar_reverb_strong_1.0.wav,strong,a strong sound,1.0,-0.029562468,0.042980157,0.07254262
reverb,guitar,guitar_reverb_tinny_0.2.wav,tinny,a tinny sound,0.2,-0.014512883,-0.01894051,-0.0044276277
reverb,guitar,guitar_reverb_tinny_0.4.wav,tinny,a tinny sound,0.4,-0.014512883,0.011777479,0.02629036
reverb,guitar,guitar_reverb_tinny_0.6.wav,tinny,a tinny sound,0.6,-0.014512883,0.03030506,0.044817943
reverb,guitar,guitar_reverb_tinny_0.8.wav,tinny,a tinny sound,0.8,-0.014512883,0.0019440185,0.016456902
reverb,guitar,guitar_reverb_tinny_1.0.wav,tinny,a tinny sound,1.0,-0.014512883,0.04457622,0.0590891
reverb,guitar,guitar_reverb_warm_0.2.wav,warm,a warm sound,0.2,0.0023867246,0.028885314,0.02649859
reverb,guitar,guitar_reverb_warm_0.4.wav,warm,a warm sound,0.4,0.0023867246,0.047146533,0.04475981
reverb,guitar,guitar_reverb_warm_0.6.wav,warm,a warm sound,0.6,0.0023867246,0.045815628,0.043428905
reverb,guitar,guitar_reverb_warm_0.8.wav,warm,a warm sound,0.8,0.0023867246,0.03545417,0.033067442
reverb,guitar,guitar_reverb_warm_1.0.wav,warm,a warm sound,1.0,0.0023867246,0.033603527,0.031216802
reverb,piano,test_piano_reverb_bass_0.2.wav,bass,a bass sound,0.2,0.0023734402,-0.016780864,-0.019154305
reverb,piano,test_piano_reverb_bass_0.4.wav,bass,a bass sound,0.4,0.0023734402,-0.02200271,-0.02437615
reverb,piano,test_piano_reverb_bass_0.6.wav,bass,a bass sound,0.6,0.0023734402,-0.0045228796,-0.00689632
reverb,piano,test_piano_reverb_bass_0.8.wav,bass,a bass sound,0.8,0.0023734402,0.050971627,0.048598185
reverb,piano,test_piano_reverb_bass_1.0.wav,bass,a bass sound,1.0,0.0023734402,0.036986303,0.034612864
reverb,piano,test_piano_reverb_big_0.2.wav,big,a big sound,0.2,-0.0029083714,0.019157674,0.022066046
reverb,piano,test_piano_reverb_big_0.4.wav,big,a big sound,0.4,-0.0029083714,0.0106111,0.0135194715
reverb,piano,test_piano_reverb_big_0.6.wav,big,a big sound,0.6,-0.0029083714,0.010912518,0.013820889
reverb,piano,test_piano_reverb_big_0.8.wav,big,a big sound,0.8,-0.0029083714,0.020516617,0.023424989
reverb,piano,test_piano_reverb_big_1.0.wav,big,a big sound,1.0,-0.0029083714,0.0063158567,0.009224229
reverb,piano,test_piano_reverb_church_0.2.wav,church,a church sound,0.2,0.06593162,0.057041626,-0.008889992
reverb,piano,test_piano_reverb_church_0.4.wav,church,a church sound,0.4,0.06593162,0.09004705,0.024115428
reverb,piano,test_piano_reverb_church_0.6.wav,church,a church sound,0.6,0.06593162,0.11063602,0.0447044
reverb,piano,test_piano_reverb_church_0.8.wav,church,a church sound,0.8,0.06593162,0.14954883,0.08361721
reverb,piano,test_piano_reverb_church_1.0.wav,church,a church sound,1.0,0.06593162,0.18605357,0.120121956
reverb,piano,test_piano_reverb_clear_0.2.wav,clear,a clear sound,0.2,-0.05263411,-0.060417447,-0.0077833384
reverb,piano,test_piano_reverb_clear_0.4.wav,clear,a clear sound,0.4,-0.05263411,-0.05556689,-0.0029327795
reverb,piano,test_piano_reverb_clear_0.6.wav,clear,a clear sound,0.6,-0.05263411,-0.045214355,0.007419754
reverb,piano,test_piano_reverb_clear_0.8.wav,clear,a clear sound,0.8,-0.05263411,-0.0369215,0.015712608
reverb,piano,test_piano_reverb_clear_1.0.wav,clear,a clear sound,1.0,-0.05263411,-0.051952887,0.0006812215
reverb,piano,test_piano_reverb_deep_0.2.wav,deep,a deep sound,0.2,0.06727278,0.0777826,0.010509819
reverb,piano,test_piano_reverb_deep_0.4.wav,deep,a deep sound,0.4,0.06727278,0.06774227,0.0004694909
reverb,piano,test_piano_reverb_deep_0.6.wav,deep,a deep sound,0.6,0.06727278,0.022872675,-0.044400107
reverb,piano,test_piano_reverb_deep_0.8.wav,deep,a deep sound,0.8,0.06727278,0.09434862,0.027075835
reverb,piano,test_piano_reverb_deep_1.0.wav,deep,a deep sound,1.0,0.06727278,0.112909704,0.045636922
reverb,piano,test_piano_reverb_distant_0.2.wav,distant,a distant sound,0.2,-0.10799237,-0.10196115,0.0060312226
reverb,piano,test_piano_reverb_distant_0.4.wav,distant,a distant sound,0.4,-0.10799237,-0.05828862,0.049703754
reverb,piano,test_piano_reverb_distant_0.6.wav,distant,a distant sound,0.6,-0.10799237,-0.059881166,0.048111208
reverb,piano,test_piano_reverb_distant_0.8.wav,distant,a distant sound,0.8,-0.10799237,-0.006901348,0.10109103
reverb,piano,test_piano_reverb_distant_1.0.wav,distant,a distant sound,1.0,-0.10799237,-0.033541646,0.07445073
reverb,piano,test_piano_reverb_distorted_0.2.wav,distorted,a distorted sound,0.2,-0.038861163,-0.015124262,0.023736902
reverb,piano,test_piano_reverb_distorted_0.4.wav,distorted,a distorted sound,0.4,-0.038861163,0.03719131,0.07605247
reverb,piano,test_piano_reverb_distorted_0.6.wav,distorted,a distorted sound,0.6,-0.038861163,0.037082735,0.0759439
reverb,piano,test_piano_reverb_distorted_0.8.wav,distorted,a distorted sound,0.8,-0.038861163,0.06527593,0.10413709
reverb,piano,test_piano_reverb_distorted_1.0.wav,distorted,a distorted sound,1.0,-0.038861163,0.057897404,0.09675857
reverb,piano,test_piano_reverb_echo_0.2.wav,echo,an echo sound,0.2,0.04597594,0.08167819,0.03570225
reverb,piano,test_piano_reverb_echo_0.4.wav,echo,an echo sound,0.4,0.04597594,0.09178652,0.04581058
reverb,piano,test_piano_reverb_echo_0.6.wav,echo,an echo sound,0.6,0.04597594,0.16265789,0.11668195
reverb,piano,test_piano_reverb_echo_0.8.wav,echo,an echo sound,0.8,0.04597594,0.17331111,0.12733518
reverb,piano,test_piano_reverb_echo_1.0.wav,echo,an echo sound,1.0,0.04597594,0.19151533,0.14553939
reverb,piano,test_piano_reverb_hall_0.2.wav,hall,a hall sound,0.2,-0.05405201,-0.035365272,0.018686738
reverb,piano,test_piano_reverb_hall_0.4.wav,hall,a hall sound,0.4,-0.05405201,-0.010052123,0.043999888
reverb,piano,test_piano_reverb_hall_0.6.wav,hall,a hall sound,0.6,-0.05405201,0.01894476,0.07299677
reverb,piano,test_piano_reverb_hall_0.8.wav,hall,a hall sound,0.8,-0.05405201,0.04474227,0.09879428
reverb,piano,test_piano_reverb_hall_1.0.wav,hall,a hall sound,1.0,-0.05405201,0.032722294,0.086774305
reverb,piano,test_piano_reverb_haunting_0.2.wav,haunting,a haunting sound,0.2,0.036565654,0.061105363,0.02453971
reverb,piano,test_piano_reverb_haunting_0.4.wav,haunting,a haunting sound,0.4,0.036565654,0.08745152,0.050885864
reverb,piano,test_piano_reverb_haunting_0.6.wav,haunting,a haunting sound,0.6,0.036565654,0.15922497,0.12265932
reverb,piano,test_piano_reverb_haunting_0.8.wav,haunting,a haunting sound,0.8,0.036565654,0.15023932,0.113673665
reverb,piano,test_piano_reverb_haunting_1.0.wav,haunting,a haunting sound,1.0,0.036565654,0.17481102,0.13824537
reverb,piano,test_piano_reverb_hollow_0.2.wav,hollow,a hollow sound,0.2,0.054206382,0.08579005,0.03158367
reverb,piano,test_piano_reverb_hollow_0.4.wav,hollow,a hollow sound,0.4,0.054206382,0.0807129,0.026506517
reverb,piano,test_piano_reverb_hollow_0.6.wav,hollow,a hollow sound,0.6,0.054206382,0.13203323,0.07782684
reverb,piano,test_piano_reverb_hollow_0.8.wav,hollow,a hollow sound,0.8,0.054206382,0.08646163,0.03225525
reverb,piano,test_piano_reverb_hollow_1.0.wav,hollow,a hollow sound,1.0,0.054206382,0.06332849,0.009122107
reverb,piano,test_piano_reverb_loud_0.2.wav,loud,a loud sound,0.2,-0.09325819,-0.0839182,0.009339988
reverb,piano,test_piano_reverb_loud_0.4.wav,loud,a loud sound,0.4,-0.09325819,-0.09811741,-0.004859224
reverb,piano,test_piano_reverb_loud_0.6.wav,loud,a loud sound,0.6,-0.09325819,-0.058915604,0.034342583
reverb,piano,test_piano_reverb_loud_0.8.wav,loud,a loud sound,0.8,-0.09325819,-0.087634034,0.0056241527
reverb,piano,test_piano_reverb_loud_1.0.wav,loud,a loud sound,1.0,-0.09325819,-0.081654936,0.011603251
reverb,piano,test_piano_reverb_low_0.2.wav,low,a low sound,0.2,-0.04031844,-0.012220995,0.028097447
reverb,piano,test_piano_reverb_low_0.4.wav,low,a low sound,0.4,-0.04031844,0.017374044,0.057692483
reverb,piano,test_piano_reverb_low_0.6.wav,low,a low sound,0.6,-0.04031844,-0.0024385108,0.03787993
reverb,piano,test_piano_reverb_low_0.8.wav,low,a low sound,0.8,-0.04031844,-0.0061980146,0.034120426
reverb,piano,test_piano_reverb_low_1.0.wav,low,a low sound,1.0,-0.04031844,0.0047458746,0.045064315
reverb,piano,test_piano_reverb_muffled_0.2.wav,muffled,a muffled sound,0.2,-0.065634,-0.023510264,0.042123735
reverb,piano,test_piano_reverb_muffled_0.4.wav,muffled,a muffled sound,0.4,-0.065634,-0.036087997,0.029546
reverb,piano,test_piano_reverb_muffled_0.6.wav,muffled,a muffled sound,0.6,-0.065634,0.025285555,0.090919554
reverb,piano,test_piano_reverb_muffled_0.8.wav,muffled,a muffled sound,0.8,-0.065634,0.000283055,0.06591705
reverb,piano,test_piano_reverb_muffled_1.0.wav,muffled,a muffled sound,1.0,-0.065634,-0.020456526,0.04517747
reverb,piano,test_piano_reverb_sad_0.2.wav,sad,a sad sound,0.2,0.123233154,0.15491688,0.031683728
reverb,piano,test_piano_reverb_sad_0.4.wav,sad,a sad sound,0.4,0.123233154,0.14990011,0.026666954
reverb,piano,test_piano_reverb_sad_0.6.wav,sad,a sad sound,0.6,0.123233154,0.11736077,-0.0058723837
reverb,piano,test_piano_reverb_sad_0.8.wav,sad,a sad sound,0.8,0.123233154,0.1571307,0.03389755
reverb,piano,test_piano_reverb_sad_1.0.wav,sad,a sad sound,1.0,0.123233154,0.18043892,0.057205766
reverb,piano,test_piano_reverb_soft_0.2.wav,soft,a soft sound,0.2,0.0062927604,-0.013782405,-0.020075165
reverb,piano,test_piano_reverb_soft_0.4.wav,soft,a soft sound,0.4,0.0062927604,-0.01983642,-0.02612918
reverb,piano,test_piano_reverb_soft_0.6.wav,soft,a soft sound,0.6,0.0062927604,0.030914083,0.024621323
reverb,piano,test_piano_reverb_soft_0.8.wav,soft,a soft sound,0.8,0.0062927604,-0.0197221,-0.02601486
reverb,piano,test_piano_reverb_soft_1.0.wav,soft,a soft sound,1.0,0.0062927604,-0.034225516,-0.040518276
reverb,piano,test_piano_reverb_spacious_0.2.wav,spacious,a spacious sound,0.2,0.00458795,-0.016998107,-0.021586057
reverb,piano,test_piano_reverb_spacious_0.4.wav,spacious,a spacious sound,0.4,0.00458795,0.054749437,0.05016149
reverb,piano,test_piano_reverb_spacious_0.6.wav,spacious,a spacious sound,0.6,0.00458795,0.048135795,0.043547846
reverb,piano,test_piano_reverb_spacious_0.8.wav,spacious,a spacious sound,0.8,0.00458795,0.06692623,0.062338285
reverb,piano,test_piano_reverb_spacious_1.0.wav,spacious,a spacious sound,1.0,0.00458795,0.06353707,0.05894912
reverb,piano,test_piano_reverb_strong_0.2.wav,strong,a strong sound,0.2,-0.015276496,-0.022861537,-0.0075850403
reverb,piano,test_piano_reverb_strong_0.4.wav,strong,a strong sound,0.4,-0.015276496,-0.041557517,-0.026281022
reverb,piano,test_piano_reverb_strong_0.6.wav,strong,a strong sound,0.6,-0.015276496,-0.024340373,-0.009063876
reverb,piano,test_piano_reverb_strong_0.8.wav,strong,a strong sound,0.8,-0.015276496,-0.02419938,-0.008922883
reverb,piano,test_piano_reverb_strong_1.0.wav,strong,a strong sound,1.0,-0.015276496,-0.03935434,-0.024077844
reverb,piano,test_piano_reverb_tinny_0.2.wav,tinny,a tinny sound,0.2,-0.10643807,-0.08368471,0.022753358
reverb,piano,test_piano_reverb_tinny_0.4.wav,tinny,a tinny sound,0.4,-0.10643807,-0.09059685,0.015841223
reverb,piano,test_piano_reverb_tinny_0.6.wav,tinny,a tinny sound,0.6,-0.10643807,-0.06964992,0.03678815
reverb,piano,test_piano_reverb_tinny_0.8.wav,tinny,a tinny sound,0.8,-0.10643807,-0.07053132,0.035906747
reverb,piano,test_piano_reverb_tinny_1.0.wav,tinny,a tinny sound,1.0,-0.10643807,-0.06543068,0.041007392
reverb,piano,test_piano_reverb_warm_0.2.wav,warm,a warm sound,0.2,0.029472426,0.03101824,0.0015458148
reverb,piano,test_piano_reverb_warm_0.4.wav,warm,a warm sound,0.4,0.029472426,0.012483465,-0.016988961
reverb,piano,test_piano_reverb_warm_0.6.wav,warm,a warm sound,0.6,0.029472426,0.014822844,-0.014649581
reverb,piano,test_piano_reverb_warm_0.8.wav,warm,a warm sound,0.8,0.029472426,-0.03393799,-0.063410416
reverb,piano,test_piano_reverb_warm_1.0.wav,warm,a warm sound,1.0,0.029472426,-0.012971779,-0.042444207
reverb,mixture,mixture_reverb_bass_0.2.wav,bass,a bass sound,0.2,-0.021854531,-0.054713823,-0.032859292
reverb,mixture,mixture_reverb_bass_0.4.wav,bass,a bass sound,0.4,-0.021854531,-0.04321296,-0.02135843
reverb,mixture,mixture_reverb_bass_0.6.wav,bass,a bass sound,0.6,-0.021854531,-0.06463033,-0.0427758
reverb,mixture,mixture_reverb_bass_0.8.wav,bass,a bass sound,0.8,-0.021854531,-0.040565573,-0.018711042
reverb,mixture,mixture_reverb_bass_1.0.wav,bass,a bass sound,1.0,-0.021854531,-0.009298021,0.01255651
reverb,mixture,mixture_reverb_big_0.2.wav,big,a big sound,0.2,0.003544968,0.0023253206,-0.0012196475
reverb,mixture,mixture_reverb_big_0.4.wav,big,a big sound,0.4,0.003544968,0.0042696493,0.0007246812
reverb,mixture,mixture_reverb_big_0.6.wav,big,a big sound,0.6,0.003544968,0.018035375,0.014490407
reverb,mixture,mixture_reverb_big_0.8.wav,big,a big sound,0.8,0.003544968,0.046098333,0.042553365
reverb,mixture,mixture_reverb_big_1.0.wav,big,a big sound,1.0,0.003544968,0.044163685,0.040618718
reverb,mixture,mixture_reverb_church_0.2.wav,church,a church sound,0.2,0.06700301,0.035283774,-0.031719238
reverb,mixture,mixture_reverb_church_0.4.wav,church,a church sound,0.4,0.06700301,0.055202227,-0.011800785
reverb,mixture,mixture_reverb_church_0.6.wav,church,a church sound,0.6,0.06700301,0.1393544,0.07235138
reverb,mixture,mixture_reverb_church_0.8.wav,church,a church sound,0.8,0.06700301,0.20080084,0.13379782
reverb,mixture,mixture_reverb_church_1.0.wav,church,a church sound,1.0,0.06700301,0.1160206,0.049017586
reverb,mixture,mixture_reverb_clear_0.2.wav,clear,a clear sound,0.2,-0.012962555,0.011246001,0.024208557
reverb,mixture,mixture_reverb_clear_0.4.wav,clear,a clear sound,0.4,-0.012962555,-0.00590289,0.0070596645
reverb,mixture,mixture_reverb_clear_0.6.wav,clear,a clear sound,0.6,-0.012962555,-0.010405291,0.0025572637
reverb,mixture,mixture_reverb_clear_0.8.wav,clear,a clear sound,0.8,-0.012962555,0.014726449,0.027689002
reverb,mixture,mixture_reverb_clear_1.0.wav,clear,a clear sound,1.0,-0.012962555,0.021494918,0.03445747
reverb,mixture,mixture_reverb_deep_0.2.wav,deep,a deep sound,0.2,0.033036932,0.0046512457,-0.028385688
reverb,mixture,mixture_reverb_deep_0.4.wav,deep,a deep sound,0.4,0.033036932,0.02238908,-0.010647852
reverb,mixture,mixture_reverb_deep_0.6.wav,deep,a deep sound,0.6,0.033036932,0.04366329,0.010626357
reverb,mixture,mixture_reverb_deep_0.8.wav,deep,a deep sound,0.8,0.033036932,0.07707018,0.044033244
reverb,mixture,mixture_reverb_deep_1.0.wav,deep,a deep sound,1.0,0.033036932,0.064305045,0.031268112
reverb,mixture,mixture_reverb_distant_0.2.wav,distant,a distant sound,0.2,-0.04250258,-0.0385347,0.0039678775
reverb,mixture,mixture_reverb_distant_0.4.wav,distant,a distant sound,0.4,-0.04250258,0.003508579,0.046011157
reverb,mixture,mixture_reverb_distant_0.6.wav,distant,a distant sound,0.6,-0.04250258,-0.012182601,0.030319978
reverb,mixture,mixture_reverb_distant_0.8.wav,distant,a distant sound,0.8,-0.04250258,-0.045863435,-0.0033608563
reverb,mixture,mixture_reverb_distant_1.0.wav,distant,a distant sound,1.0,-0.04250258,-0.035737313,0.006765265
reverb,mixture,mixture_reverb_distorted_0.2.wav,distorted,a distorted sound,0.2,-0.037015982,-0.036787815,0.00022816658
reverb,mixture,mixture_reverb_distorted_0.4.wav,distorted,a distorted sound,0.4,-0.037015982,-0.022259062,0.01475692
reverb,mixture,mixture_reverb_distorted_0.6.wav,distorted,a distorted sound,0.6,-0.037015982,0.0042032655,0.04121925
reverb,mixture,mixture_reverb_distorted_0.8.wav,distorted,a distorted sound,0.8,-0.037015982,0.049722485,0.08673847
reverb,mixture,mixture_reverb_distorted_1.0.wav,distorted,a distorted sound,1.0,-0.037015982,-0.019496048,0.017519934
reverb,mixture,mixture_reverb_echo_0.2.wav,echo,an echo sound,0.2,-0.07332828,-0.018570665,0.054757614
reverb,mixture,mixture_reverb_echo_0.4.wav,echo,an echo sound,0.4,-0.07332828,0.0135358395,0.08686412
reverb,mixture,mixture_reverb_echo_0.6.wav,echo,an echo sound,0.6,-0.07332828,0.07027054,0.14359882
reverb,mixture,mixture_reverb_echo_0.8.wav,echo,an echo sound,0.8,-0.07332828,0.115007214,0.1883355
reverb,mixture,mixture_reverb_echo_1.0.wav,echo,an echo sound,1.0,-0.07332828,0.09665088,0.16997916
reverb,mixture,mixture_reverb_hall_0.2.wav,hall,a hall sound,0.2,-0.016553205,0.021744609,0.038297813
reverb,mixture,mixture_reverb_hall_0.4.wav,hall,a hall sound,0.4,-0.016553205,0.024357567,0.040910773
reverb,mixture,mixture_reverb_hall_0.6.wav,hall,a hall sound,0.6,-0.016553205,0.021606658,0.038159862
reverb,mixture,mixture_reverb_hall_0.8.wav,hall,a hall sound,0.8,-0.016553205,-0.0080376975,0.008515507
reverb,mixture,mixture_reverb_hall_1.0.wav,hall,a hall sound,1.0,-0.016553205,0.015518713,0.03207192
reverb,mixture,mixture_reverb_haunting_0.2.wav,haunting,a haunting sound,0.2,0.019694144,0.009174712,-0.010519432
reverb,mixture,mixture_reverb_haunting_0.4.wav,haunting,a haunting sound,0.4,0.019694144,0.05754341,0.03784927
reverb,mixture,mixture_reverb_haunting_0.6.wav,haunting,a haunting sound,0.6,0.019694144,0.074748896,0.055054754
reverb,mixture,mixture_reverb_haunting_0.8.wav,haunting,a haunting sound,0.8,0.019694144,0.14971474,0.13002059
reverb,mixture,mixture_reverb_haunting_1.0.wav,haunting,a haunting sound,1.0,0.019694144,0.183635,0.16394085
reverb,mixture,mixture_reverb_hollow_0.2.wav,hollow,a hollow sound,0.2,0.03356665,0.032666165,-0.0009004846
reverb,mixture,mixture_reverb_hollow_0.4.wav,hollow,a hollow sound,0.4,0.03356665,0.056081977,0.022515327
reverb,mixture,mixture_reverb_hollow_0.6.wav,hollow,a hollow sound,0.6,0.03356665,0.055574395,0.022007745
reverb,mixture,mixture_reverb_hollow_0.8.wav,hollow,a hollow sound,0.8,0.03356665,0.058734547,0.025167897
reverb,mixture,mixture_reverb_hollow_1.0.wav,hollow,a hollow sound,1.0,0.03356665,0.049816336,0.016249686
reverb,mixture,mixture_reverb_loud_0.2.wav,loud,a loud sound,0.2,-0.085900515,-0.092051275,-0.0061507598
reverb,mixture,mixture_reverb_loud_0.4.wav,loud,a loud sound,0.4,-0.085900515,-0.087445796,-0.0015452802
reverb,mixture,mixture_reverb_loud_0.6.wav,loud,a loud sound,0.6,-0.085900515,-0.039592214,0.0463083
reverb,mixture,mixture_reverb_loud_0.8.wav,loud,a loud sound,0.8,-0.085900515,-0.03325662,0.052643895
reverb,mixture,mixture_reverb_loud_1.0.wav,loud,a loud sound,1.0,-0.085900515,-0.03504213,0.050858386
reverb,mixture,mixture_reverb_low_0.2.wav,low,a low sound,0.2,0.016201107,0.044593796,0.02839269
reverb,mixture,mixture_reverb_low_0.4.wav,low,a low sound,0.4,0.016201107,0.019714043,0.0035129357
reverb,mixture,mixture_reverb_low_0.6.wav,low,a low sound,0.6,0.016201107,0.017287577,0.0010864697
reverb,mixture,mixture_reverb_low_0.8.wav,low,a low sound,0.8,0.016201107,0.037526153,0.021325046
reverb,mixture,mixture_reverb_low_1.0.wav,low,a low sound,1.0,0.016201107,0.033131495,0.016930388
reverb,mixture,mixture_reverb_muffled_0.2.wav,muffled,a muffled sound,0.2,-0.027900716,-0.004069548,0.023831168
reverb,mixture,mixture_reverb_muffled_0.4.wav,muffled,a muffled sound,0.4,-0.027900716,-0.0063412115,0.021559505
reverb,mixture,mixture_reverb_muffled_0.6.wav,muffled,a muffled sound,0.6,-0.027900716,0.016341805,0.044242524
reverb,mixture,mixture_reverb_muffled_0.8.wav,muffled,a muffled sound,0.8,-0.027900716,-0.009394789,0.018505927
reverb,mixture,mixture_reverb_muffled_1.0.wav,muffled,a muffled sound,1.0,-0.027900716,0.01500668,0.042907394
reverb,mixture,mixture_reverb_sad_0.2.wav,sad,a sad sound,0.2,0.03838411,0.018067991,-0.020316118
reverb,mixture,mixture_reverb_sad_0.4.wav,sad,a sad sound,0.4,0.03838411,0.052728485,0.014344376
reverb,mixture,mixture_reverb_sad_0.6.wav,sad,a sad sound,0.6,0.03838411,0.078730315,0.040346205
reverb,mixture,mixture_reverb_sad_0.8.wav,sad,a sad sound,0.8,0.03838411,0.10773919,0.06935508
reverb,mixture,mixture_reverb_sad_1.0.wav,sad,a sad sound,1.0,0.03838411,0.101674885,0.063290775
reverb,mixture,mixture_reverb_soft_0.2.wav,soft,a soft sound,0.2,-0.024806382,-0.05331832,-0.02851194
reverb,mixture,mixture_reverb_soft_0.4.wav,soft,a soft sound,0.4,-0.024806382,-0.012258854,0.012547528
reverb,mixture,mixture_reverb_soft_0.6.wav,soft,a soft sound,0.6,-0.024806382,-0.009671917,0.015134465
reverb,mixture,mixture_reverb_soft_0.8.wav,soft,a soft sound,0.8,-0.024806382,-0.035198208,-0.010391826
reverb,mixture,mixture_reverb_soft_1.0.wav,soft,a soft sound,1.0,-0.024806382,0.017904006,0.042710386
reverb,mixture,mixture_reverb_spacious_0.2.wav,spacious,a spacious sound,0.2,-0.015086508,-0.028136484,-0.013049976
reverb,mixture,mixture_reverb_spacious_0.4.wav,spacious,a spacious sound,0.4,-0.015086508,-0.008979633,0.006106875
reverb,mixture,mixture_reverb_spacious_0.6.wav,spacious,a spacious sound,0.6,-0.015086508,0.009256834,0.024343342
reverb,mixture,mixture_reverb_spacious_0.8.wav,spacious,a spacious sound,0.8,-0.015086508,0.035411164,0.050497673
reverb,mixture,mixture_reverb_spacious_1.0.wav,spacious,a spacious sound,1.0,-0.015086508,0.038329646,0.053416155
reverb,mixture,mixture_reverb_strong_0.2.wav,strong,a strong sound,0.2,-0.005921767,-0.0021797987,0.0037419684
reverb,mixture,mixture_reverb_strong_0.4.wav,strong,a strong sound,0.4,-0.005921767,0.005350084,0.011271851
reverb,mixture,mixture_reverb_strong_0.6.wav,strong,a strong sound,0.6,-0.005921767,0.02273473,0.028656498
reverb,mixture,mixture_reverb_strong_0.8.wav,strong,a strong sound,0.8,-0.005921767,0.044590466,0.050512232
reverb,mixture,mixture_reverb_strong_1.0.wav,strong,a strong sound,1.0,-0.005921767,0.050634794,0.05655656
reverb,mixture,mixture_reverb_tinny_0.2.wav,tinny,a tinny sound,0.2,0.0033855513,0.004322834,0.0009372826
reverb,mixture,mixture_reverb_tinny_0.4.wav,tinny,a tinny sound,0.4,0.0033855513,0.028913142,0.02552759
reverb,mixture,mixture_reverb_tinny_0.6.wav,tinny,a tinny sound,0.6,0.0033855513,0.0023183832,-0.0010671681
reverb,mixture,mixture_reverb_tinny_0.8.wav,tinny,a tinny sound,0.8,0.0033855513,0.0008999966,-0.0024855547
reverb,mixture,mixture_reverb_tinny_1.0.wav,tinny,a tinny sound,1.0,0.0033855513,0.03521936,0.03183381
reverb,mixture,mixture_reverb_warm_0.2.wav,warm,a warm sound,0.2,-0.0070084687,-0.03262823,-0.025619762
reverb,mixture,mixture_reverb_warm_0.4.wav,warm,a warm sound,0.4,-0.0070084687,-0.03657601,-0.029567542
reverb,mixture,mixture_reverb_warm_0.6.wav,warm,a warm sound,0.6,-0.0070084687,-0.031966418,-0.02495795
reverb,mixture,mixture_reverb_warm_0.8.wav,warm,a warm sound,0.8,-0.0070084687,-0.040056933,-0.033048466
reverb,mixture,mixture_reverb_warm_1.0.wav,warm,a warm sound,1.0,-0.0070084687,-0.010371599,-0.0033631306
